"","MedF1","Acc","PercUnl"
"1",0.580273578113751,0.726158038147139,0
