"","MedF1","Acc","PercUnl"
"1",0.71563981042654,0.819073569482289,0
