"","MedF1","Acc","PercUnl"
"1",0.724137931034483,0.835967302452316,0
