"","MedF1","Acc","PercUnl"
"1",0.778012684989429,0.856948228882834,0
