"","MedF1","Acc","PercUnl"
"1",0.857142857142857,0.887465940054496,0
