"","MedF1","Acc","PercUnl"
"1",0.581818181818182,0.679564032697548,0
