"","MedF1","Acc","PercUnl"
"1",0.700945626477541,0.812261580381471,0
