"","MedF1","Acc","PercUnl"
"1",0.854037267080745,0.860490463215259,0
