"","MedF1","Acc","PercUnl"
"1",0.76249144421629,0.850681198910082,0
