"","MedF1","Acc","PercUnl"
"1",0.786179921773142,0.866485013623978,0
