"","MedF1","Acc","PercUnl"
"1",0.572319905765715,0.575652173913043,0
