"","MedF1","Acc","PercUnl"
"1",0.637636160032577,0.645217391304348,0
