"","MedF1","Acc","PercUnl"
"1",0.739494563620335,0.732173913043478,0
