"","MedF1","Acc","PercUnl"
"1",0.913607188703466,0.918260869565217,0
