"","MedF1","Acc","PercUnl"
"1",0.496644295302013,0.483284169124877,0
