"","MedF1","Acc","PercUnl"
"1",0.525252525252525,0.600294985250737,0
