"","MedF1","Acc","PercUnl"
"1",0.66403162055336,0.580137659783677,0
