"","MedF1","Acc","PercUnl"
"1",0.626129827444536,0.616027531956736,0
