"","MedF1","Acc","PercUnl"
"1",0.785185185185185,0.786627335299902,0
