"","MedF1","Acc","PercUnl"
"1",0.55793991416309,0.700375811411001,0
