"","MedF1","Acc","PercUnl"
"1",0.547904191616766,0.781687734882132,0
