"","MedF1","Acc","PercUnl"
"1",0.794573643410853,0.851725316023232,0
