"","MedF1","Acc","PercUnl"
"1",0.860382707299787,0.888281516911513,0
