"","MedF1","Acc","PercUnl"
"1",0.892025405786874,0.905022207037923,0
